GlobalFrame,Timestamp,Speed,X,Y,condition,source_file,Segment_index,turning_angle,worm_id,Segment
36902.0,2024-10-04T21:36:52.004170,0.5163247707204505,0.43596112646319124,0.5655809813601598,terbinafine,coordinates_highestspeed_20240924_09_3_with_time_speed.csv,41.0,0.0,20240924_piworm09_3,41.0
36903.0,2024-10-04T21:36:54.004057,0.5163247707204505,0.4371295060080107,0.5652069425901202,terbinafine,coordinates_highestspeed_20240924_09_3_with_time_speed.csv,41.0,-0.02562270904741403,20240924_piworm09_3,41.0
36904.0,2024-10-04T21:36:56.002968,0.19139870390398805,0.43794366085473696,0.5648719745138732,terbinafine,coordinates_highestspeed_20240924_09_3_with_time_speed.csv,41.0,0.0007120470417186157,20240924_piworm09_3,41.0
36905.0,2024-10-04T21:36:58.003543,-0.005195130933482031,0.43856455071408346,0.5646181440573964,terbinafine,coordinates_highestspeed_20240924_09_3_with_time_speed.csv,41.0,0.12114674795418688,20240924_piworm09_3,41.0
36906.0,2024-10-04T21:37:00.002904,-0.28615732193256577,0.438935763148115,0.564615363439913,terbinafine,coordinates_highestspeed_20240924_09_3_with_time_speed.csv,41.0,0.15037101054664517,20240924_piworm09_3,41.0
36907.0,2024-10-04T21:37:02.003022,-0.34639870123269745,0.43921017497013565,0.5647530040053405,terbinafine,coordinates_highestspeed_20240924_09_3_with_time_speed.csv,41.0,-0.14798671142332698,20240924_piworm09_3,41.0
36908.0,2024-10-04T21:37:04.003579,-0.6343467017435607,0.43921017497013565,0.5647530040053405,terbinafine,coordinates_highestspeed_20240924_09_3_with_time_speed.csv,41.0,0.0,20240924_piworm09_3,41.0
36909.0,2024-10-04T21:37:06.002960,-0.6343467017435607,0.43921017497013565,0.5647530040053405,terbinafine,coordinates_highestspeed_20240924_09_3_with_time_speed.csv,41.0,0.0,20240924_piworm09_3,41.0
36910.0,2024-10-04T21:37:08.002964,-0.6343467017435607,0.43921017497013565,0.5647530040053405,terbinafine,coordinates_highestspeed_20240924_09_3_with_time_speed.csv,41.0,0.0,20240924_piworm09_3,41.0
36911.0,2024-10-04T21:37:10.003538,-0.6343467017435607,0.43921017497013565,0.5647530040053405,terbinafine,coordinates_highestspeed_20240924_09_3_with_time_speed.csv,41.0,0.0,20240924_piworm09_3,41.0
36912.0,2024-10-04T21:37:12.002902,-0.6343467017435607,0.43921017497013565,0.5647530040053405,terbinafine,coordinates_highestspeed_20240924_09_3_with_time_speed.csv,41.0,0.33966884771837647,20240924_piworm09_3,41.0
36913.0,2024-10-04T21:37:14.003033,4.91175215017955,0.4420641663632318,0.5699316260063924,terbinafine,coordinates_highestspeed_20240924_09_3_with_time_speed.csv,41.0,-0.15548078020170816,20240924_piworm09_3,41.0
36914.0,2024-10-04T21:37:16.003402,0.3933169019380404,0.44298144652640303,0.570530822706137,terbinafine,coordinates_highestspeed_20240924_09_3_with_time_speed.csv,41.0,-0.5273212447518558,20240924_piworm09_3,41.0
36915.0,2024-10-04T21:37:18.003013,-0.3754625161679424,0.4431120281587571,0.5702876562689646,terbinafine,coordinates_highestspeed_20240924_09_3_with_time_speed.csv,41.0,0.3431331772351876,20240924_piworm09_3,41.0
36916.0,2024-10-04T21:37:20.002959,-0.6343467017435607,0.4431120281587571,0.5702876562689646,terbinafine,coordinates_highestspeed_20240924_09_3_with_time_speed.csv,41.0,-0.037249035914337,20240924_piworm09_3,41.0
36917.0,2024-10-04T21:37:22.003372,0.012929742215596061,0.4437974036303724,0.5702070846234696,terbinafine,coordinates_highestspeed_20240924_09_3_with_time_speed.csv,41.0,0.037249035914337,20240924_piworm09_3,41.0
36918.0,2024-10-04T21:37:24.002912,-0.6343467017435607,0.4437974036303724,0.5702070846234696,terbinafine,coordinates_highestspeed_20240924_09_3_with_time_speed.csv,41.0,0.0,20240924_piworm09_3,41.0
36919.0,2024-10-04T21:37:26.003023,-0.6343467017435607,0.4437974036303724,0.5702070846234696,terbinafine,coordinates_highestspeed_20240924_09_3_with_time_speed.csv,41.0,0.0,20240924_piworm09_3,41.0
36920.0,2024-10-04T21:37:28.003406,-0.6343467017435607,0.4437974036303724,0.5702070846234696,terbinafine,coordinates_highestspeed_20240924_09_3_with_time_speed.csv,41.0,0.0,20240924_piworm09_3,41.0
36921.0,2024-10-04T21:37:30.002942,-0.6343467017435607,0.4437974036303724,0.5702070846234696,terbinafine,coordinates_highestspeed_20240924_09_3_with_time_speed.csv,41.0,0.07930725849567735,20240924_piworm09_3,41.0
36922.0,2024-10-04T21:37:32.002968,-0.5375483150705005,0.44389741878059635,0.5702325322652426,terbinafine,coordinates_highestspeed_20240924_09_3_with_time_speed.csv,41.0,-0.07930725849567735,20240924_piworm09_3,41.0
36923.0,2024-10-04T21:37:34.003568,-0.6343467017435607,0.44389741878059635,0.5702325322652426,terbinafine,coordinates_highestspeed_20240924_09_3_with_time_speed.csv,41.0,0.0,20240924_piworm09_3,41.0
36924.0,2024-10-04T21:37:36.002910,-0.6343467017435607,0.44389741878059635,0.5702325322652426,terbinafine,coordinates_highestspeed_20240924_09_3_with_time_speed.csv,41.0,-0.7710339557521159,20240924_piworm09_3,41.0
36925.0,2024-10-04T21:37:38.003005,0.37140447863439907,0.4430907877169559,0.5695260347129506,terbinafine,coordinates_highestspeed_20240924_09_3_with_time_speed.csv,41.0,0.5990130861295064,20240924_piworm09_3,41.0
36926.0,2024-10-04T21:37:40.003431,-0.4517981165156332,0.4432576769025367,0.5694259012016022,terbinafine,coordinates_highestspeed_20240924_09_3_with_time_speed.csv,41.0,0.17202086962260943,20240924_piworm09_3,41.0
36927.0,2024-10-04T21:37:42.002950,-0.6343467017435607,0.4432576769025367,0.5694259012016022,terbinafine,coordinates_highestspeed_20240924_09_3_with_time_speed.csv,41.0,0.0,20240924_piworm09_3,41.0
36928.0,2024-10-04T21:37:44.003024,-0.6343467017435607,0.4432576769025367,0.5694259012016022,terbinafine,coordinates_highestspeed_20240924_09_3_with_time_speed.csv,41.0,0.0,20240924_piworm09_3,41.0
36929.0,2024-10-04T21:37:46.003543,-0.6343467017435607,0.4432576769025367,0.5694259012016022,terbinafine,coordinates_highestspeed_20240924_09_3_with_time_speed.csv,41.0,0.0,20240924_piworm09_3,41.0
36930.0,2024-10-04T21:37:48.002904,-0.6343467017435607,0.4432576769025367,0.5694259012016022,terbinafine,coordinates_highestspeed_20240924_09_3_with_time_speed.csv,41.0,0.0,20240924_piworm09_3,41.0
36931.0,2024-10-04T21:37:50.003017,-0.6343467017435607,0.4432576769025367,0.5694259012016022,terbinafine,coordinates_highestspeed_20240924_09_3_with_time_speed.csv,41.0,0.0,20240924_piworm09_3,41.0
36932.0,2024-10-04T21:37:52.003410,-0.6343467017435607,0.4432576769025367,0.5694259012016022,terbinafine,coordinates_highestspeed_20240924_09_3_with_time_speed.csv,41.0,0.0,20240924_piworm09_3,41.0
36933.0,2024-10-04T21:37:54.003031,-0.6343467017435607,0.4432576769025367,0.5694259012016022,terbinafine,coordinates_highestspeed_20240924_09_3_with_time_speed.csv,41.0,0.0,20240924_piworm09_3,41.0
36934.0,2024-10-04T21:37:56.002972,-0.6343467017435607,0.4432576769025367,0.5694259012016022,terbinafine,coordinates_highestspeed_20240924_09_3_with_time_speed.csv,41.0,0.0,20240924_piworm09_3,41.0
36935.0,2024-10-04T21:37:58.003535,-0.6343467017435607,0.4432576769025367,0.5694259012016022,terbinafine,coordinates_highestspeed_20240924_09_3_with_time_speed.csv,41.0,0.0,20240924_piworm09_3,41.0
36936.0,2024-10-04T21:38:00.002891,-0.6343467017435607,0.4432576769025367,0.5694259012016022,terbinafine,coordinates_highestspeed_20240924_09_3_with_time_speed.csv,41.0,0.46160429378320533,20240924_piworm09_3,41.0
36937.0,2024-10-04T21:38:02.003029,0.19820294131049554,0.4433644859813084,0.5703070761014687,terbinafine,coordinates_highestspeed_20240924_09_3_with_time_speed.csv,41.0,0.21041657583947876,20240924_piworm09_3,41.0
36938.0,2024-10-04T21:38:04.004655,-0.48830783356124796,0.4432843791722296,0.5704405874499332,terbinafine,coordinates_highestspeed_20240924_09_3_with_time_speed.csv,41.0,-0.6720208696226839,20240924_piworm09_3,41.0
36939.0,2024-10-04T21:38:06.002959,-0.6343467017435607,0.4432843791722296,0.5704405874499332,terbinafine,coordinates_highestspeed_20240924_09_3_with_time_speed.csv,41.0,0.0,20240924_piworm09_3,41.0
36940.0,2024-10-04T21:38:08.002954,-0.6343467017435607,0.4432843791722296,0.5704405874499332,terbinafine,coordinates_highestspeed_20240924_09_3_with_time_speed.csv,41.0,0.0,20240924_piworm09_3,41.0
36941.0,2024-10-04T21:38:10.003393,-0.6343467017435607,0.4432843791722296,0.5704405874499332,terbinafine,coordinates_highestspeed_20240924_09_3_with_time_speed.csv,41.0,0.0,20240924_piworm09_3,41.0
36942.0,2024-10-04T21:38:12.002903,-0.6343467017435607,0.4432843791722296,0.5704405874499332,terbinafine,coordinates_highestspeed_20240924_09_3_with_time_speed.csv,41.0,0.0,20240924_piworm09_3,41.0
36943.0,2024-10-04T21:38:14.003024,-0.6343467017435607,0.4432843791722296,0.5704405874499332,terbinafine,coordinates_highestspeed_20240924_09_3_with_time_speed.csv,41.0,0.0,20240924_piworm09_3,41.0
36944.0,2024-10-04T21:38:16.003690,-0.6343467017435607,0.4432843791722296,0.5704405874499332,terbinafine,coordinates_highestspeed_20240924_09_3_with_time_speed.csv,41.0,0.0,20240924_piworm09_3,41.0
36945.0,2024-10-04T21:38:18.002961,-0.6343467017435607,0.4432843791722296,0.5704405874499332,terbinafine,coordinates_highestspeed_20240924_09_3_with_time_speed.csv,41.0,0.0,20240924_piworm09_3,41.0
36946.0,2024-10-04T21:38:20.003018,-0.6343467017435607,0.4432843791722296,0.5704405874499332,terbinafine,coordinates_highestspeed_20240924_09_3_with_time_speed.csv,41.0,0.0,20240924_piworm09_3,41.0
36947.0,2024-10-04T21:38:22.003381,-0.6343467017435607,0.4432843791722296,0.5704405874499332,terbinafine,coordinates_highestspeed_20240924_09_3_with_time_speed.csv,41.0,0.0,20240924_piworm09_3,41.0
36948.0,2024-10-04T21:38:24.002881,-0.6343467017435607,0.4432843791722296,0.5704405874499332,terbinafine,coordinates_highestspeed_20240924_09_3_with_time_speed.csv,41.0,-0.9692914436019409,20240924_piworm09_3,41.0
36949.0,2024-10-04T21:38:26.003026,-0.5634343021063286,0.4432091273212768,0.5704333050127443,terbinafine,coordinates_highestspeed_20240924_09_3_with_time_speed.csv,41.0,-0.08988294137878386,20240924_piworm09_3,41.0
36950.0,2024-10-04T21:38:28.003592,-0.5441578399931808,0.4431146290291818,0.5704510776273127,terbinafine,coordinates_highestspeed_20240924_09_3_with_time_speed.csv,41.0,-0.9408256150192754,20240924_piworm09_3,41.0
36951.0,2024-10-04T21:38:30.003027,-0.6343467017435607,0.4431146290291818,0.5704510776273127,terbinafine,coordinates_highestspeed_20240924_09_3_with_time_speed.csv,41.0,0.0,20240924_piworm09_3,41.0
36952.0,2024-10-04T21:38:32.002958,-0.6343467017435607,0.4431146290291818,0.5704510776273127,terbinafine,coordinates_highestspeed_20240924_09_3_with_time_speed.csv,41.0,0.0,20240924_piworm09_3,41.0
36953.0,2024-10-04T21:38:34.004283,-0.6343467017435607,0.4431146290291818,0.5704510776273127,terbinafine,coordinates_highestspeed_20240924_09_3_with_time_speed.csv,41.0,0.0,20240924_piworm09_3,41.0
36954.0,2024-10-04T21:38:36.002906,-0.6343467017435607,0.4431146290291818,0.5704510776273127,terbinafine,coordinates_highestspeed_20240924_09_3_with_time_speed.csv,41.0,0.0,20240924_piworm09_3,41.0
36955.0,2024-10-04T21:38:38.003021,-0.6343467017435607,0.4431146290291818,0.5704510776273127,terbinafine,coordinates_highestspeed_20240924_09_3_with_time_speed.csv,41.0,0.0,20240924_piworm09_3,41.0
36956.0,2024-10-04T21:38:40.003665,-0.6343467017435607,0.4431146290291818,0.5704510776273127,terbinafine,coordinates_highestspeed_20240924_09_3_with_time_speed.csv,41.0,0.0,20240924_piworm09_3,41.0
36957.0,2024-10-04T21:38:42.002947,-0.6343467017435607,0.4431146290291818,0.5704510776273127,terbinafine,coordinates_highestspeed_20240924_09_3_with_time_speed.csv,41.0,0.0,20240924_piworm09_3,41.0
36958.0,2024-10-04T21:38:44.002966,-0.6343467017435607,0.4431146290291818,0.5704510776273127,terbinafine,coordinates_highestspeed_20240924_09_3_with_time_speed.csv,41.0,0.0,20240924_piworm09_3,41.0
36959.0,2024-10-04T21:38:46.003567,-0.6343467017435607,0.4431146290291818,0.5704510776273127,terbinafine,coordinates_highestspeed_20240924_09_3_with_time_speed.csv,41.0,0.0,20240924_piworm09_3,41.0
36960.0,2024-10-04T21:38:48.002900,-0.6343467017435607,0.4431146290291818,0.5704510776273127,terbinafine,coordinates_highestspeed_20240924_09_3_with_time_speed.csv,41.0,0.8404103851928783,20240924_piworm09_3,41.0
36961.0,2024-10-04T21:38:50.003023,-0.43034326059229805,0.44292389853137515,0.5705556126116874,terbinafine,coordinates_highestspeed_20240924_09_3_with_time_speed.csv,41.0,0.8598930490651883,20240924_piworm09_3,41.0
36962.0,2024-10-04T21:38:52.003555,-0.3240566354603737,0.4431186025812194,0.5702881619937694,terbinafine,coordinates_highestspeed_20240924_09_3_with_time_speed.csv,41.0,0.1091216253851391,20240924_piworm09_3,41.0
36963.0,2024-10-04T21:38:54.002956,-0.4090594573998589,0.4433170152796321,0.5701527963210206,terbinafine,coordinates_highestspeed_20240924_09_3_with_time_speed.csv,41.0,0.1905749403567945,20240924_piworm09_3,41.0
36964.0,2024-10-04T21:38:56.002968,-0.6343467017435607,0.4433170152796321,0.5701527963210206,terbinafine,coordinates_highestspeed_20240924_09_3_with_time_speed.csv,41.0,0.0,20240924_piworm09_3,41.0
36965.0,2024-10-04T21:38:58.003395,-0.6343467017435607,0.4433170152796321,0.5701527963210206,terbinafine,coordinates_highestspeed_20240924_09_3_with_time_speed.csv,41.0,0.0,20240924_piworm09_3,41.0
36966.0,2024-10-04T21:39:00.002892,-0.6343467017435607,0.4433170152796321,0.5701527963210206,terbinafine,coordinates_highestspeed_20240924_09_3_with_time_speed.csv,41.0,0.0,20240924_piworm09_3,41.0
36967.0,2024-10-04T21:39:02.003038,-0.6343467017435607,0.4433170152796321,0.5701527963210206,terbinafine,coordinates_highestspeed_20240924_09_3_with_time_speed.csv,41.0,0.0,20240924_piworm09_3,41.0
36968.0,2024-10-04T21:39:04.003701,-0.6343467017435607,0.4433170152796321,0.5701527963210206,terbinafine,coordinates_highestspeed_20240924_09_3_with_time_speed.csv,41.0,0.0,20240924_piworm09_3,41.0
36969.0,2024-10-04T21:39:06.034176,-0.6343467017435607,0.4433170152796321,0.5701527963210206,terbinafine,coordinates_highestspeed_20240924_09_3_with_time_speed.csv,41.0,0.0,20240924_piworm09_3,41.0
36970.0,2024-10-04T21:39:08.002762,-0.6343467017435607,0.4433170152796321,0.5701527963210206,terbinafine,coordinates_highestspeed_20240924_09_3_with_time_speed.csv,41.0,0.0,20240924_piworm09_3,41.0
36971.0,2024-10-04T21:39:10.003627,-0.6343467017435607,0.4433170152796321,0.5701527963210206,terbinafine,coordinates_highestspeed_20240924_09_3_with_time_speed.csv,41.0,0.0,20240924_piworm09_3,41.0
36972.0,2024-10-04T21:39:12.002904,-0.6343467017435607,0.4433170152796321,0.5701527963210206,terbinafine,coordinates_highestspeed_20240924_09_3_with_time_speed.csv,41.0,0.269203439844689,20240924_piworm09_3,41.0
36973.0,2024-10-04T21:39:14.003088,-0.10029182140661946,0.4436946231338755,0.5705789537565239,terbinafine,coordinates_highestspeed_20240924_09_3_with_time_speed.csv,41.0,0.5175102509237004,20240924_piworm09_3,41.0
36974.0,2024-10-04T21:39:16.003408,-0.5394169570895633,0.44361529658592413,0.5706418081251192,terbinafine,coordinates_highestspeed_20240924_09_3_with_time_speed.csv,41.0,0.280206489149913,20240924_piworm09_3,41.0
36975.0,2024-10-04T21:39:18.002964,-0.44590364039275987,0.44341881128861477,0.5705998803001703,terbinafine,coordinates_highestspeed_20240924_09_3_with_time_speed.csv,41.0,-0.3422960008652699,20240924_piworm09_3,41.0
36976.0,2024-10-04T21:39:20.002962,-0.5368097239523394,0.44335136907689787,0.5706790340336824,terbinafine,coordinates_highestspeed_20240924_09_3_with_time_speed.csv,41.0,0.23787424127221854,20240924_piworm09_3,41.0
36977.0,2024-10-04T21:39:22.003575,-0.2707240269353135,0.4429663794149776,0.5707246025003034,terbinafine,coordinates_highestspeed_20240924_09_3_with_time_speed.csv,41.0,-0.9624984203252508,20240924_piworm09_3,41.0
36978.0,2024-10-04T21:39:24.002888,-0.6343467017435607,0.4429663794149776,0.5707246025003034,terbinafine,coordinates_highestspeed_20240924_09_3_with_time_speed.csv,41.0,0.0,20240924_piworm09_3,41.0
36979.0,2024-10-04T21:39:26.003028,-0.6343467017435607,0.4429663794149776,0.5707246025003034,terbinafine,coordinates_highestspeed_20240924_09_3_with_time_speed.csv,41.0,0.0,20240924_piworm09_3,41.0
36980.0,2024-10-04T21:39:28.003428,-0.6343467017435607,0.4429663794149776,0.5707246025003034,terbinafine,coordinates_highestspeed_20240924_09_3_with_time_speed.csv,41.0,0.0,20240924_piworm09_3,41.0
36981.0,2024-10-04T21:39:30.002941,-0.6343467017435607,0.4429663794149776,0.5707246025003034,terbinafine,coordinates_highestspeed_20240924_09_3_with_time_speed.csv,41.0,0.0,20240924_piworm09_3,41.0
36982.0,2024-10-04T21:39:32.002966,-0.6343467017435607,0.4429663794149776,0.5707246025003034,terbinafine,coordinates_highestspeed_20240924_09_3_with_time_speed.csv,41.0,0.0,20240924_piworm09_3,41.0
36983.0,2024-10-04T21:39:34.003556,-0.6343467017435607,0.4429663794149776,0.5707246025003034,terbinafine,coordinates_highestspeed_20240924_09_3_with_time_speed.csv,41.0,0.0,20240924_piworm09_3,41.0
36984.0,2024-10-04T21:39:36.002893,-0.6343467017435607,0.4429663794149776,0.5707246025003034,terbinafine,coordinates_highestspeed_20240924_09_3_with_time_speed.csv,41.0,0.0,20240924_piworm09_3,41.0
36985.0,2024-10-04T21:39:38.003035,-0.6343467017435607,0.4429663794149776,0.5707246025003034,terbinafine,coordinates_highestspeed_20240924_09_3_with_time_speed.csv,41.0,0.5544323189325263,20240924_piworm09_3,41.0
36986.0,2024-10-04T21:39:40.003382,-0.5316092620388378,0.44294773984360103,0.5708325386229258,terbinafine,coordinates_highestspeed_20240924_09_3_with_time_speed.csv,41.0,-0.5544323189325262,20240924_piworm09_3,41.0
36987.0,2024-10-04T21:39:42.003062,-0.6343467017435607,0.44294773984360103,0.5708325386229258,terbinafine,coordinates_highestspeed_20240924_09_3_with_time_speed.csv,41.0,0.0,20240924_piworm09_3,41.0
36988.0,2024-10-04T21:39:44.002952,-0.6343467017435607,0.44294773984360103,0.5708325386229258,terbinafine,coordinates_highestspeed_20240924_09_3_with_time_speed.csv,41.0,0.0,20240924_piworm09_3,41.0
36989.0,2024-10-04T21:39:46.003526,-0.6343467017435607,0.44294773984360103,0.5708325386229258,terbinafine,coordinates_highestspeed_20240924_09_3_with_time_speed.csv,41.0,0.0,20240924_piworm09_3,41.0
36990.0,2024-10-04T21:39:48.002888,-0.6343467017435607,0.44294773984360103,0.5708325386229258,terbinafine,coordinates_highestspeed_20240924_09_3_with_time_speed.csv,41.0,0.0,20240924_piworm09_3,41.0
36991.0,2024-10-04T21:39:50.003027,-0.6343467017435607,0.44294773984360103,0.5708325386229258,terbinafine,coordinates_highestspeed_20240924_09_3_with_time_speed.csv,41.0,0.0,20240924_piworm09_3,41.0
36992.0,2024-10-04T21:39:52.003386,-0.6343467017435607,0.44294773984360103,0.5708325386229258,terbinafine,coordinates_highestspeed_20240924_09_3_with_time_speed.csv,41.0,0.0,20240924_piworm09_3,41.0
36993.0,2024-10-04T21:39:54.002952,-0.6343467017435607,0.44294773984360103,0.5708325386229258,terbinafine,coordinates_highestspeed_20240924_09_3_with_time_speed.csv,41.0,-0.4320367009527177,20240924_piworm09_3,41.0
36994.0,2024-10-04T21:39:56.002960,-0.1639165243263228,0.4430540155235229,0.5703423774071644,terbinafine,coordinates_highestspeed_20240924_09_3_with_time_speed.csv,41.0,0.08320820079175373,20240924_piworm09_3,41.0
36995.0,2024-10-04T21:39:58.003377,-0.5360972966241168,0.44310191366266133,0.5702492211838006,terbinafine,coordinates_highestspeed_20240924_09_3_with_time_speed.csv,41.0,0.34882850016096395,20240924_piworm09_3,41.0
36996.0,2024-10-04T21:40:00.002904,-0.6343467017435607,0.44310191366266133,0.5702492211838006,terbinafine,coordinates_highestspeed_20240924_09_3_with_time_speed.csv,41.0,-0.04753087913007624,20240924_piworm09_3,41.0
36997.0,2024-10-04T21:40:02.003016,-0.15734922499351578,0.4436048064085447,0.570173564753004,terbinafine,coordinates_highestspeed_20240924_09_3_with_time_speed.csv,41.0,-0.07793496820693108,20240924_piworm09_3,41.0
36998.0,2024-10-04T21:40:04.003654,-0.5066308890252637,0.4437305295950156,0.5701212728081887,terbinafine,coordinates_highestspeed_20240924_09_3_with_time_speed.csv,41.0,0.1254658473370073,20240924_piworm09_3,41.0
36999.0,2024-10-04T21:40:06.002965,-0.6343467017435607,0.4437305295950156,0.5701212728081887,terbinafine,coordinates_highestspeed_20240924_09_3_with_time_speed.csv,41.0,0.0,20240924_piworm09_3,41.0
37000.0,2024-10-04T21:40:08.002955,-0.6343467017435607,0.4437305295950156,0.5701212728081887,terbinafine,coordinates_highestspeed_20240924_09_3_with_time_speed.csv,41.0,0.0,20240924_piworm09_3,41.0
37001.0,2024-10-04T21:40:10.003548,-0.6343467017435607,0.4437305295950156,0.5701212728081887,terbinafine,coordinates_highestspeed_20240924_09_3_with_time_speed.csv,41.0,0.0,20240924_piworm09_3,41.0
37002.0,2024-10-04T21:40:12.002884,-0.6343467017435607,0.4437305295950156,0.5701212728081887,terbinafine,coordinates_highestspeed_20240924_09_3_with_time_speed.csv,41.0,0.08351810071886537,20240924_piworm09_3,41.0
37003.0,2024-10-04T21:40:14.003030,-0.5378697476409662,0.44382986839595656,0.57014795237187,terbinafine,coordinates_highestspeed_20240924_09_3_with_time_speed.csv,41.0,-0.08351810071886537,20240924_piworm09_3,41.0
37004.0,2024-10-04T21:40:16.003374,-0.6343467017435607,0.44382986839595656,0.57014795237187,terbinafine,coordinates_highestspeed_20240924_09_3_with_time_speed.csv,41.0,0.0,20240924_piworm09_3,41.0
37005.0,2024-10-04T21:40:18.003028,-0.6343467017435607,0.44382986839595656,0.57014795237187,terbinafine,coordinates_highestspeed_20240924_09_3_with_time_speed.csv,41.0,0.0,20240924_piworm09_3,41.0
37006.0,2024-10-04T21:40:20.002959,-0.6343467017435607,0.44382986839595656,0.57014795237187,terbinafine,coordinates_highestspeed_20240924_09_3_with_time_speed.csv,41.0,0.0,20240924_piworm09_3,41.0
37007.0,2024-10-04T21:40:22.003380,-0.6343467017435607,0.44382986839595656,0.57014795237187,terbinafine,coordinates_highestspeed_20240924_09_3_with_time_speed.csv,41.0,0.0,20240924_piworm09_3,41.0
37008.0,2024-10-04T21:40:24.002890,-0.6343467017435607,0.44382986839595656,0.57014795237187,terbinafine,coordinates_highestspeed_20240924_09_3_with_time_speed.csv,41.0,0.7213907800339204,20240924_piworm09_3,41.0
37009.0,2024-10-04T21:40:26.003023,-0.23927640382276516,0.44355996674811704,0.5704713202509005,terbinafine,coordinates_highestspeed_20240924_09_3_with_time_speed.csv,41.0,-0.15069991511482156,20240924_piworm09_3,41.0
37010.0,2024-10-04T21:40:28.003355,-0.48416610791793474,0.44352469959946594,0.5706275033377837,terbinafine,coordinates_highestspeed_20240924_09_3_with_time_speed.csv,41.0,-0.5706908649190987,20240924_piworm09_3,41.0
37011.0,2024-10-04T21:40:30.002968,-0.6343467017435607,0.44352469959946594,0.5706275033377837,terbinafine,coordinates_highestspeed_20240924_09_3_with_time_speed.csv,41.0,0.0,20240924_piworm09_3,41.0
37012.0,2024-10-04T21:40:32.002958,-0.6343467017435607,0.44352469959946594,0.5706275033377837,terbinafine,coordinates_highestspeed_20240924_09_3_with_time_speed.csv,41.0,0.0,20240924_piworm09_3,41.0
37013.0,2024-10-04T21:40:34.003538,-0.6343467017435607,0.44352469959946594,0.5706275033377837,terbinafine,coordinates_highestspeed_20240924_09_3_with_time_speed.csv,41.0,0.0,20240924_piworm09_3,41.0
37014.0,2024-10-04T21:40:36.002883,-0.6343467017435607,0.44352469959946594,0.5706275033377837,terbinafine,coordinates_highestspeed_20240924_09_3_with_time_speed.csv,41.0,0.0,20240924_piworm09_3,41.0
37015.0,2024-10-04T21:40:38.003026,-0.6343467017435607,0.44352469959946594,0.5706275033377837,terbinafine,coordinates_highestspeed_20240924_09_3_with_time_speed.csv,41.0,0.0,20240924_piworm09_3,41.0
37016.0,2024-10-04T21:40:40.003424,-0.6343467017435607,0.44352469959946594,0.5706275033377837,terbinafine,coordinates_highestspeed_20240924_09_3_with_time_speed.csv,41.0,0.0,20240924_piworm09_3,41.0
37017.0,2024-10-04T21:40:42.002971,-0.6343467017435607,0.44352469959946594,0.5706275033377837,terbinafine,coordinates_highestspeed_20240924_09_3_with_time_speed.csv,41.0,-0.5779791303773871,20240924_piworm09_3,41.0
37018.0,2024-10-04T21:40:44.002969,-0.3245514797179783,0.44344459279038717,0.5703070761014687,terbinafine,coordinates_highestspeed_20240924_09_3_with_time_speed.csv,41.0,0.007848221501244194,20240924_piworm09_3,41.0
37019.0,2024-10-04T21:40:46.003393,-0.5337783496910022,0.4434211601863709,0.5702024467998147,terbinafine,coordinates_highestspeed_20240924_09_3_with_time_speed.csv,41.0,0.5701309088761428,20240924_piworm09_3,41.0
37020.0,2024-10-04T21:40:48.002905,-0.6343467017435607,0.4434211601863709,0.5702024467998147,terbinafine,coordinates_highestspeed_20240924_09_3_with_time_speed.csv,41.0,-0.4414044144412685,20240924_piworm09_3,41.0
37021.0,2024-10-04T21:40:50.003023,5.627018115527944,0.549303833683006,0.001525843982452794,terbinafine,coordinates_highestspeed_20240924_09_3_with_time_speed.csv,41.0,0.96696672612527,20240924_piworm09_3,41.0
37022.0,2024-10-04T21:40:52.003400,1.3432596883977432,0.5491346953170264,0.003627478146963246,terbinafine,coordinates_highestspeed_20240924_09_3_with_time_speed.csv,41.0,0.10862765421839043,20240924_piworm09_3,41.0
37023.0,2024-10-04T21:40:54.003064,1.0634101501686348,0.5483940272854227,0.00527906941055507,terbinafine,coordinates_highestspeed_20240924_09_3_with_time_speed.csv,41.0,-0.018203075579323887,20240924_piworm09_3,41.0
37024.0,2024-10-04T21:40:56.002968,0.8689101524526953,0.5478228674647428,0.006776542392657997,terbinafine,coordinates_highestspeed_20240924_09_3_with_time_speed.csv,41.0,0.11478519986952022,20240924_piworm09_3,41.0
37025.0,2024-10-04T21:40:58.003646,0.009438613193859397,0.5473677133059907,0.007290295934147208,terbinafine,coordinates_highestspeed_20240924_09_3_with_time_speed.csv,41.0,0.020882265720328887,20240924_piworm09_3,41.0
37026.0,2024-10-04T21:41:00.002905,-0.33400397628384654,0.5471401161813986,0.0075155394831077195,terbinafine,coordinates_highestspeed_20240924_09_3_with_time_speed.csv,41.0,0.06329124749008562,20240924_piworm09_3,41.0
37027.0,2024-10-04T21:41:02.003021,-0.4610672238100882,0.546985724555818,0.007616993598302009,terbinafine,coordinates_highestspeed_20240924_09_3_with_time_speed.csv,41.0,0.359791817192062,20240924_piworm09_3,41.0
37028.0,2024-10-04T21:41:04.003397,-0.5624231913679526,0.546920309882391,0.0075769816230557945,terbinafine,coordinates_highestspeed_20240924_09_3_with_time_speed.csv,41.0,0.8252625794049354,20240924_piworm09_3,41.0
37029.0,2024-10-04T21:41:06.002960,-0.6343467017435607,0.546920309882391,0.0075769816230557945,terbinafine,coordinates_highestspeed_20240924_09_3_with_time_speed.csv,41.0,0.0,20240924_piworm09_3,41.0
37030.0,2024-10-04T21:41:08.002954,-0.6343467017435607,0.546920309882391,0.0075769816230557945,terbinafine,coordinates_highestspeed_20240924_09_3_with_time_speed.csv,41.0,0.0,20240924_piworm09_3,41.0
37031.0,2024-10-04T21:41:10.003533,-0.6343467017435607,0.546920309882391,0.0075769816230557945,terbinafine,coordinates_highestspeed_20240924_09_3_with_time_speed.csv,41.0,0.8522417746401699,20240924_piworm09_3,41.0
37032.0,2024-10-04T21:41:12.002888,-0.5931896746478046,0.5468810734988424,0.007596626725929932,terbinafine,coordinates_highestspeed_20240924_09_3_with_time_speed.csv,41.0,-0.10318073913254386,20240924_piworm09_3,41.0
37033.0,2024-10-04T21:41:14.019494,3.165433738851762,0.544024944651941,0.01046965574352301,terbinafine,coordinates_highestspeed_20240924_09_3_with_time_speed.csv,41.0,0.47179147542794575,20240924_piworm09_3,41.0
37034.0,2024-10-04T21:41:16.003311,1.0140547090013141,0.5426738138413406,0.009345794392523364,terbinafine,coordinates_highestspeed_20240924_09_3_with_time_speed.csv,41.0,0.16945825752082577,20240924_piworm09_3,41.0
37035.0,2024-10-04T21:41:18.002961,-0.4242691494334496,0.542598150918016,0.009134987000210808,terbinafine,coordinates_highestspeed_20240924_09_3_with_time_speed.csv,41.0,0.2113726045128857,20240924_piworm09_3,41.0
37036.0,2024-10-04T21:41:20.002969,-0.5571544818445805,0.5426239961740033,0.009056851921965606,terbinafine,coordinates_highestspeed_20240924_09_3_with_time_speed.csv,41.0,0.39831662703071674,20240924_piworm09_3,41.0
37037.0,2024-10-04T21:41:22.003619,-0.6343467017435607,0.5426239961740033,0.009056851921965606,terbinafine,coordinates_highestspeed_20240924_09_3_with_time_speed.csv,41.0,0.0,20240924_piworm09_3,41.0
37038.0,2024-10-04T21:41:24.002894,-0.6343467017435607,0.5426239961740033,0.009056851921965606,terbinafine,coordinates_highestspeed_20240924_09_3_with_time_speed.csv,41.0,0.0,20240924_piworm09_3,41.0
37039.0,2024-10-04T21:41:26.003025,-0.6343467017435607,0.5426239961740033,0.009056851921965606,terbinafine,coordinates_highestspeed_20240924_09_3_with_time_speed.csv,41.0,0.0,20240924_piworm09_3,41.0
37040.0,2024-10-04T21:41:28.003246,-0.6343467017435607,0.5426239961740033,0.009056851921965606,terbinafine,coordinates_highestspeed_20240924_09_3_with_time_speed.csv,41.0,0.0,20240924_piworm09_3,41.0
37041.0,2024-10-04T21:41:30.003026,-0.6343467017435607,0.5426239961740033,0.009056851921965606,terbinafine,coordinates_highestspeed_20240924_09_3_with_time_speed.csv,41.0,0.0,20240924_piworm09_3,41.0
37042.0,2024-10-04T21:41:32.002960,-0.6343467017435607,0.5426239961740033,0.009056851921965606,terbinafine,coordinates_highestspeed_20240924_09_3_with_time_speed.csv,41.0,0.0,20240924_piworm09_3,41.0
37043.0,2024-10-04T21:41:34.003585,-0.6343467017435607,0.5426239961740033,0.009056851921965606,terbinafine,coordinates_highestspeed_20240924_09_3_with_time_speed.csv,41.0,0.0,20240924_piworm09_3,41.0
37044.0,2024-10-04T21:41:36.002919,-0.6343467017435607,0.5426239961740033,0.009056851921965606,terbinafine,coordinates_highestspeed_20240924_09_3_with_time_speed.csv,41.0,-0.024236325694937107,20240924_piworm09_3,41.0
37045.0,2024-10-04T21:41:38.003032,1.7574292793923674,0.5451666051188819,0.008862881004459847,terbinafine,coordinates_highestspeed_20240924_09_3_with_time_speed.csv,41.0,0.026813677353970902,20240924_piworm09_3,41.0
37046.0,2024-10-04T21:41:40.003550,-0.04549266497152872,0.5457943925233645,0.008867964303281567,terbinafine,coordinates_highestspeed_20240924_09_3_with_time_speed.csv,41.0,0.2697502656189611,20240924_piworm09_3,41.0
37047.0,2024-10-04T21:41:42.002948,-0.34148946107285166,0.5459991560422532,0.009103675366810324,terbinafine,coordinates_highestspeed_20240924_09_3_with_time_speed.csv,41.0,0.011967268997224346,20240924_piworm09_3,41.0
37048.0,2024-10-04T21:41:44.002955,-0.4588418359378391,0.5461164714464647,0.009249445996724155,terbinafine,coordinates_highestspeed_20240924_09_3_with_time_speed.csv,41.0,-0.2842948862752191,20240924_piworm09_3,41.0
37049.0,2024-10-04T21:41:46.003525,-0.6343467017435607,0.5461164714464647,0.009249445996724155,terbinafine,coordinates_highestspeed_20240924_09_3_with_time_speed.csv,41.0,0.0,20240924_piworm09_3,41.0
37050.0,2024-10-04T21:41:48.002898,-0.6343467017435607,0.5461164714464647,0.009249445996724155,terbinafine,coordinates_highestspeed_20240924_09_3_with_time_speed.csv,41.0,-0.7492653425938296,20240924_piworm09_3,41.0
37051.0,2024-10-04T21:41:50.003045,-0.08552707297651273,0.5457036814636421,0.008834746168735348,terbinafine,coordinates_highestspeed_20240924_09_3_with_time_speed.csv,41.0,0.25473874781226624,20240924_piworm09_3,41.0
37052.0,2024-10-04T21:41:52.003558,-0.247156698350602,0.5457107793556393,0.008422003749106552,terbinafine,coordinates_highestspeed_20240924_09_3_with_time_speed.csv,41.0,-0.13264879478047042,20240924_piworm09_3,41.0
37053.0,2024-10-04T21:41:54.002942,-0.5222838147387381,0.5456643045428092,0.0083119372838999,terbinafine,coordinates_highestspeed_20240924_09_3_with_time_speed.csv,41.0,-0.3842249736069007,20240924_piworm09_3,41.0
37054.0,2024-10-04T21:41:56.002956,-0.593670571258937,0.5456209654109259,0.008313490151817544,terbinafine,coordinates_highestspeed_20240924_09_3_with_time_speed.csv,41.0,-0.9885996368310654,20240924_piworm09_3,41.0
37055.0,2024-10-04T21:41:58.003342,-0.6343467017435607,0.5456209654109259,0.008313490151817544,terbinafine,coordinates_highestspeed_20240924_09_3_with_time_speed.csv,41.0,0.0,20240924_piworm09_3,41.0
37056.0,2024-10-04T21:42:00.014419,-0.6343467017435607,0.5456209654109259,0.008313490151817544,terbinafine,coordinates_highestspeed_20240924_09_3_with_time_speed.csv,41.0,0.04152794897203095,20240924_piworm09_3,41.0
37057.0,2024-10-04T21:42:02.003021,1.563478135087689,0.5479442675704358,0.008618328711786655,terbinafine,coordinates_highestspeed_20240924_09_3_with_time_speed.csv,41.0,0.1731903913891579,20240924_piworm09_3,41.0
37058.0,2024-10-04T21:42:04.003381,0.2322379490769565,0.5486658267361176,0.00919535907030971,terbinafine,coordinates_highestspeed_20240924_09_3_with_time_speed.csv,41.0,-0.07123173468762775,20240924_piworm09_3,41.0
37059.0,2024-10-04T21:42:06.003043,-0.11596290283759061,0.5491632954214642,0.009436140417800176,terbinafine,coordinates_highestspeed_20240924_09_3_with_time_speed.csv,41.0,-0.32280025655704986,20240924_piworm09_3,41.0
37060.0,2024-10-04T21:42:08.002959,-0.4017984164483614,0.5493729171704005,0.009303743574109312,terbinafine,coordinates_highestspeed_20240924_09_3_with_time_speed.csv,41.0,-0.19348543285423725,20240924_piworm09_3,41.0
37061.0,2024-10-04T21:42:10.003601,-0.46545556472578736,0.5494429731445206,0.00913786688261945,terbinafine,coordinates_highestspeed_20240924_09_3_with_time_speed.csv,41.0,0.09706473264467015,20240924_piworm09_3,41.0
37062.0,2024-10-04T21:42:12.002997,-0.5778968880023145,0.5494819538999659,0.009092012490483178,terbinafine,coordinates_highestspeed_20240924_09_3_with_time_speed.csv,41.0,0.27573435109305583,20240924_piworm09_3,41.0
37063.0,2024-10-04T21:42:14.002962,-0.6343467017435607,0.5494819538999659,0.009092012490483178,terbinafine,coordinates_highestspeed_20240924_09_3_with_time_speed.csv,41.0,0.0,20240924_piworm09_3,41.0
37064.0,2024-10-04T21:42:16.003599,-0.6343467017435607,0.5494819538999659,0.009092012490483178,terbinafine,coordinates_highestspeed_20240924_09_3_with_time_speed.csv,41.0,0.0,20240924_piworm09_3,41.0
37065.0,2024-10-04T21:42:18.002888,-0.6343467017435607,0.5494819538999659,0.009092012490483178,terbinafine,coordinates_highestspeed_20240924_09_3_with_time_speed.csv,41.0,0.0,20240924_piworm09_3,41.0
37066.0,2024-10-04T21:42:20.003014,-0.6343467017435607,0.5494819538999659,0.009092012490483178,terbinafine,coordinates_highestspeed_20240924_09_3_with_time_speed.csv,41.0,0.0,20240924_piworm09_3,41.0
37067.0,2024-10-04T21:42:22.003556,-0.6343467017435607,0.5494819538999659,0.009092012490483178,terbinafine,coordinates_highestspeed_20240924_09_3_with_time_speed.csv,41.0,0.0,20240924_piworm09_3,41.0
37068.0,2024-10-04T21:42:24.002969,-0.6343467017435607,0.5494819538999659,0.009092012490483178,terbinafine,coordinates_highestspeed_20240924_09_3_with_time_speed.csv,41.0,0.9362687699753082,20240924_piworm09_3,41.0
37069.0,2024-10-04T21:42:26.002965,0.07475670510760271,0.5487410443972244,0.009242370108501477,terbinafine,coordinates_highestspeed_20240924_09_3_with_time_speed.csv,41.0,-0.09860410559806779,20240924_piworm09_3,41.0
37070.0,2024-10-04T21:42:28.003437,-0.3676775075761973,0.5484929132883579,0.009381161637149754,terbinafine,coordinates_highestspeed_20240924_09_3_with_time_speed.csv,41.0,0.20628897164609647,20240924_piworm09_3,41.0
37071.0,2024-10-04T21:42:30.002906,-0.3933459573163826,0.5482384155519462,0.009345794392523364,terbinafine,coordinates_highestspeed_20240924_09_3_with_time_speed.csv,41.0,-0.06824860540668906,20240924_piworm09_3,41.0
37072.0,2024-10-04T21:42:32.003023,-0.4315926687559199,0.5480228782409468,0.00936227727504986,terbinafine,coordinates_highestspeed_20240924_09_3_with_time_speed.csv,41.0,-0.09374217742232278,20240924_piworm09_3,41.0
37073.0,2024-10-04T21:42:34.003379,-0.48965450390455806,0.5478790998439687,0.009418180063377676,terbinafine,coordinates_highestspeed_20240924_09_3_with_time_speed.csv,41.0,-0.0031497951871225743,20240924_piworm09_3,41.0
37074.0,2024-10-04T21:42:36.003004,-0.556282615195749,0.547801831012779,0.009449106745501938,terbinafine,coordinates_highestspeed_20240924_09_3_with_time_speed.csv,41.0,-0.8788130580072021,20240924_piworm09_3,41.0
37075.0,2024-10-04T21:42:38.002961,-0.6343467017435607,0.547801831012779,0.009449106745501938,terbinafine,coordinates_highestspeed_20240924_09_3_with_time_speed.csv,41.0,0.0,20240924_piworm09_3,41.0
37076.0,2024-10-04T21:42:40.003501,-0.6343467017435607,0.547801831012779,0.009449106745501938,terbinafine,coordinates_highestspeed_20240924_09_3_with_time_speed.csv,41.0,0.0,20240924_piworm09_3,41.0
37077.0,2024-10-04T21:42:42.002931,-0.6343467017435607,0.547801831012779,0.009449106745501938,terbinafine,coordinates_highestspeed_20240924_09_3_with_time_speed.csv,41.0,0.0,20240924_piworm09_3,41.0
37078.0,2024-10-04T21:42:44.003036,-0.6343467017435607,0.547801831012779,0.009449106745501938,terbinafine,coordinates_highestspeed_20240924_09_3_with_time_speed.csv,41.0,0.0,20240924_piworm09_3,41.0
37079.0,2024-10-04T21:42:46.003642,-0.6343467017435607,0.547801831012779,0.009449106745501938,terbinafine,coordinates_highestspeed_20240924_09_3_with_time_speed.csv,41.0,0.0,20240924_piworm09_3,41.0
37080.0,2024-10-04T21:42:48.002941,-0.6343467017435607,0.547801831012779,0.009449106745501938,terbinafine,coordinates_highestspeed_20240924_09_3_with_time_speed.csv,41.0,-0.9407289323371639,20240924_piworm09_3,41.0
37081.0,2024-10-04T21:42:50.002960,1.8217164035309963,0.5452285587132049,0.008964333396910166,terbinafine,coordinates_highestspeed_20240924_09_3_with_time_speed.csv,41.0,0.1342325502719692,20240924_piworm09_3,41.0
37082.0,2024-10-04T21:42:52.003495,0.015466713376590625,0.5446598781791975,0.008568638782057669,terbinafine,coordinates_highestspeed_20240924_09_3_with_time_speed.csv,41.0,0.8064963820651946,20240924_piworm09_3,41.0
37083.0,2024-10-04T21:42:54.002899,-0.6343467017435607,0.5446598781791975,0.008568638782057669,terbinafine,coordinates_highestspeed_20240924_09_3_with_time_speed.csv,41.0,0.0,20240924_piworm09_3,41.0
37084.0,2024-10-04T21:42:56.003030,-0.6343467017435607,0.5446598781791975,0.008568638782057669,terbinafine,coordinates_highestspeed_20240924_09_3_with_time_speed.csv,41.0,0.0,20240924_piworm09_3,41.0
37085.0,2024-10-04T21:42:58.003332,-0.6343467017435607,0.5446598781791975,0.008568638782057669,terbinafine,coordinates_highestspeed_20240924_09_3_with_time_speed.csv,41.0,0.0,20240924_piworm09_3,41.0
37086.0,2024-10-04T21:43:00.002944,-0.6343467017435607,0.5446598781791975,0.008568638782057669,terbinafine,coordinates_highestspeed_20240924_09_3_with_time_speed.csv,41.0,0.0,20240924_piworm09_3,41.0
37087.0,2024-10-04T21:43:02.002975,-0.6343467017435607,0.5446598781791975,0.008568638782057669,terbinafine,coordinates_highestspeed_20240924_09_3_with_time_speed.csv,41.0,0.0,20240924_piworm09_3,41.0
37088.0,2024-10-04T21:43:04.003521,-0.6343467017435607,0.5446598781791975,0.008568638782057669,terbinafine,coordinates_highestspeed_20240924_09_3_with_time_speed.csv,41.0,0.0,20240924_piworm09_3,41.0
37089.0,2024-10-04T21:43:06.002897,-0.6343467017435607,0.5446598781791975,0.008568638782057669,terbinafine,coordinates_highestspeed_20240924_09_3_with_time_speed.csv,41.0,0.0,20240924_piworm09_3,41.0
37090.0,2024-10-04T21:43:08.003065,-0.6343467017435607,0.5446598781791975,0.008568638782057669,terbinafine,coordinates_highestspeed_20240924_09_3_with_time_speed.csv,41.0,0.0,20240924_piworm09_3,41.0
37091.0,2024-10-04T21:43:10.003396,-0.6343467017435607,0.5446598781791975,0.008568638782057669,terbinafine,coordinates_highestspeed_20240924_09_3_with_time_speed.csv,41.0,0.0,20240924_piworm09_3,41.0
37092.0,2024-10-04T21:43:12.003014,-0.6343467017435607,0.5446598781791975,0.008568638782057669,terbinafine,coordinates_highestspeed_20240924_09_3_with_time_speed.csv,41.0,-0.993276143505993,20240924_piworm09_3,41.0
37093.0,2024-10-04T21:43:14.002966,0.2505410648726919,0.5437166636776066,0.00854871171512265,terbinafine,coordinates_highestspeed_20240924_09_3_with_time_speed.csv,41.0,-0.5472799196082138,20240924_piworm09_3,41.0
37094.0,2024-10-04T21:43:16.003535,-0.6102006605440944,0.5437199347874218,0.008574246398883604,terbinafine,coordinates_highestspeed_20240924_09_3_with_time_speed.csv,41.0,-0.45944393688579294,20240924_piworm09_3,41.0
37095.0,2024-10-04T21:43:18.002928,-0.6343467017435607,0.5437199347874218,0.008574246398883604,terbinafine,coordinates_highestspeed_20240924_09_3_with_time_speed.csv,41.0,0.0,20240924_piworm09_3,41.0
37096.0,2024-10-04T21:43:20.003023,-0.6343467017435607,0.5437199347874218,0.008574246398883604,terbinafine,coordinates_highestspeed_20240924_09_3_with_time_speed.csv,41.0,0.0,20240924_piworm09_3,41.0
37097.0,2024-10-04T21:43:22.035152,-0.6343467017435607,0.5437199347874218,0.008574246398883604,terbinafine,coordinates_highestspeed_20240924_09_3_with_time_speed.csv,41.0,0.0,20240924_piworm09_3,41.0
37098.0,2024-10-04T21:43:24.002962,-0.6343467017435607,0.5437199347874218,0.008574246398883604,terbinafine,coordinates_highestspeed_20240924_09_3_with_time_speed.csv,41.0,0.0,20240924_piworm09_3,41.0
37099.0,2024-10-04T21:43:26.002962,-0.6343467017435607,0.5437199347874218,0.008574246398883604,terbinafine,coordinates_highestspeed_20240924_09_3_with_time_speed.csv,41.0,0.0,20240924_piworm09_3,41.0
37100.0,2024-10-04T21:43:28.003521,-0.6343467017435607,0.5437199347874218,0.008574246398883604,terbinafine,coordinates_highestspeed_20240924_09_3_with_time_speed.csv,41.0,0.0,20240924_piworm09_3,41.0
37101.0,2024-10-04T21:43:30.002896,-0.6343467017435607,0.5437199347874218,0.008574246398883604,terbinafine,coordinates_highestspeed_20240924_09_3_with_time_speed.csv,41.0,0.0,20240924_piworm09_3,41.0
37102.0,2024-10-04T21:43:32.003024,-0.6343467017435607,0.5437199347874218,0.008574246398883604,terbinafine,coordinates_highestspeed_20240924_09_3_with_time_speed.csv,41.0,0.0,20240924_piworm09_3,41.0
37103.0,2024-10-04T21:43:34.003719,-0.6343467017435607,0.5437199347874218,0.008574246398883604,terbinafine,coordinates_highestspeed_20240924_09_3_with_time_speed.csv,41.0,0.0,20240924_piworm09_3,41.0
37104.0,2024-10-04T21:43:36.002960,-0.6343467017435607,0.5437199347874218,0.008574246398883604,terbinafine,coordinates_highestspeed_20240924_09_3_with_time_speed.csv,41.0,0.9624922473458928,20240924_piworm09_3,41.0
37105.0,2024-10-04T21:43:38.002974,-0.4768810258728709,0.5435532165865167,0.008593982915732304,terbinafine,coordinates_highestspeed_20240924_09_3_with_time_speed.csv,41.0,0.8744091218607644,20240924_piworm09_3,41.0
37106.0,2024-10-04T21:43:40.003427,-0.5227511883902908,0.5436569147212464,0.008535652714946789,terbinafine,coordinates_highestspeed_20240924_09_3_with_time_speed.csv,41.0,0.12434902237115024,20240924_piworm09_3,41.0
37107.0,2024-10-04T21:43:42.002898,-0.5457796311529971,0.543750641881483,0.008524186094279552,terbinafine,coordinates_highestspeed_20240924_09_3_with_time_speed.csv,41.0,0.03874960842219273,20240924_piworm09_3,41.0
37108.0,2024-10-04T21:43:44.003019,-0.6343467017435607,0.543750641881483,0.008524186094279552,terbinafine,coordinates_highestspeed_20240924_09_3_with_time_speed.csv,41.0,0.0,20240924_piworm09_3,41.0
37109.0,2024-10-04T21:43:46.003396,-0.6343467017435607,0.543750641881483,0.008524186094279552,terbinafine,coordinates_highestspeed_20240924_09_3_with_time_speed.csv,41.0,0.0,20240924_piworm09_3,41.0
37110.0,2024-10-04T21:43:48.002944,-0.6343467017435607,0.543750641881483,0.008524186094279552,terbinafine,coordinates_highestspeed_20240924_09_3_with_time_speed.csv,41.0,0.0,20240924_piworm09_3,41.0
37111.0,2024-10-04T21:43:50.002972,-0.6343467017435607,0.543750641881483,0.008524186094279552,terbinafine,coordinates_highestspeed_20240924_09_3_with_time_speed.csv,41.0,0.0,20240924_piworm09_3,41.0
37112.0,2024-10-04T21:43:52.003530,-0.6343467017435607,0.543750641881483,0.008524186094279552,terbinafine,coordinates_highestspeed_20240924_09_3_with_time_speed.csv,41.0,0.0,20240924_piworm09_3,41.0
37113.0,2024-10-04T21:43:54.002960,-0.6343467017435607,0.543750641881483,0.008524186094279552,terbinafine,coordinates_highestspeed_20240924_09_3_with_time_speed.csv,41.0,0.0,20240924_piworm09_3,41.0
37114.0,2024-10-04T21:43:56.003035,-0.6343467017435607,0.543750641881483,0.008524186094279552,terbinafine,coordinates_highestspeed_20240924_09_3_with_time_speed.csv,41.0,0.0,20240924_piworm09_3,41.0
37115.0,2024-10-04T21:43:58.003421,-0.6343467017435607,0.543750641881483,0.008524186094279552,terbinafine,coordinates_highestspeed_20240924_09_3_with_time_speed.csv,41.0,0.0,20240924_piworm09_3,41.0
37116.0,2024-10-04T21:44:00.002952,-0.6343467017435607,0.543750641881483,0.008524186094279552,terbinafine,coordinates_highestspeed_20240924_09_3_with_time_speed.csv,41.0,-0.09777662517056739,20240924_piworm09_3,41.0
37117.0,2024-10-04T21:44:02.003029,-0.5043776766170865,0.5438827225687318,0.008482288158672592,terbinafine,coordinates_highestspeed_20240924_09_3_with_time_speed.csv,41.0,0.8477766251705476,20240924_piworm09_3,41.0
37118.0,2024-10-04T21:44:04.003354,-0.5462381739470379,0.5438162990122817,0.00854871171512265,terbinafine,coordinates_highestspeed_20240924_09_3_with_time_speed.csv,41.0,-0.7499999999999802,20240924_piworm09_3,41.0
37119.0,2024-10-04T21:44:06.002899,-0.6343467017435607,0.5438162990122817,0.00854871171512265,terbinafine,coordinates_highestspeed_20240924_09_3_with_time_speed.csv,41.0,0.0,20240924_piworm09_3,41.0
37120.0,2024-10-04T21:44:08.006159,-0.6343467017435607,0.5438162990122817,0.00854871171512265,terbinafine,coordinates_highestspeed_20240924_09_3_with_time_speed.csv,41.0,0.0,20240924_piworm09_3,41.0
37121.0,2024-10-04T21:44:10.003378,-0.6343467017435607,0.5438162990122817,0.00854871171512265,terbinafine,coordinates_highestspeed_20240924_09_3_with_time_speed.csv,41.0,-0.01205016436077314,20240924_piworm09_3,41.0
37122.0,2024-10-04T21:44:12.002948,0.17113773521854295,0.5446744526682826,0.008516209314684952,terbinafine,coordinates_highestspeed_20240924_09_3_with_time_speed.csv,41.0,-0.15604115321437986,20240924_piworm09_3,41.0
37123.0,2024-10-04T21:44:14.002981,-0.549894604635346,0.54475222626933,0.008470841380740664,terbinafine,coordinates_highestspeed_20240924_09_3_with_time_speed.csv,41.0,0.37458661173428265,20240924_piworm09_3,41.0
37124.0,2024-10-04T21:44:16.003523,-0.5515309560876817,0.5448225839580979,0.008524186094279552,terbinafine,coordinates_highestspeed_20240924_09_3_with_time_speed.csv,41.0,-0.20649529415912982,20240924_piworm09_3,41.0
37125.0,2024-10-04T21:44:18.002893,-0.6343467017435607,0.5448225839580979,0.008524186094279552,terbinafine,coordinates_highestspeed_20240924_09_3_with_time_speed.csv,41.0,0.0,20240924_piworm09_3,41.0
37126.0,2024-10-04T21:44:20.002891,-0.6343467017435607,0.5448225839580979,0.008524186094279552,terbinafine,coordinates_highestspeed_20240924_09_3_with_time_speed.csv,41.0,0.0,20240924_piworm09_3,41.0
37127.0,2024-10-04T21:44:22.003531,-0.6343467017435607,0.5448225839580979,0.008524186094279552,terbinafine,coordinates_highestspeed_20240924_09_3_with_time_speed.csv,41.0,0.0,20240924_piworm09_3,41.0
37128.0,2024-10-04T21:44:24.002956,-0.6343467017435607,0.5448225839580979,0.008524186094279552,terbinafine,coordinates_highestspeed_20240924_09_3_with_time_speed.csv,41.0,0.29959927469279823,20240924_piworm09_3,41.0
37129.0,2024-10-04T21:44:26.002973,0.24529977370586056,0.54537478542819,0.009282217559921166,terbinafine,coordinates_highestspeed_20240924_09_3_with_time_speed.csv,41.0,0.71106803854973,20240924_piworm09_3,41.0
37130.0,2024-10-04T21:44:28.003532,-0.2047547614073026,0.5449170322334542,0.009266871427913737,terbinafine,coordinates_highestspeed_20240924_09_3_with_time_speed.csv,41.0,0.18676423004605788,20240924_piworm09_3,41.0
37131.0,2024-10-04T21:44:30.002936,-0.5282140972631779,0.5448249554414096,0.009201102290739048,terbinafine,coordinates_highestspeed_20240924_09_3_with_time_speed.csv,41.0,-0.027013563446632343,20240924_piworm09_3,41.0
37132.0,2024-10-04T21:44:32.003030,-0.58442358643601,0.5447791775172177,0.00917394810242039,terbinafine,coordinates_highestspeed_20240924_09_3_with_time_speed.csv,41.0,0.8295820201580464,20240924_piworm09_3,41.0
37133.0,2024-10-04T21:44:34.003395,-0.6343467017435607,0.5447791775172177,0.00917394810242039,terbinafine,coordinates_highestspeed_20240924_09_3_with_time_speed.csv,41.0,0.0,20240924_piworm09_3,41.0
37134.0,2024-10-04T21:44:36.002956,-0.6343467017435607,0.5447791775172177,0.00917394810242039,terbinafine,coordinates_highestspeed_20240924_09_3_with_time_speed.csv,41.0,0.0,20240924_piworm09_3,41.0
37135.0,2024-10-04T21:44:38.003053,-0.6343467017435607,0.5447791775172177,0.00917394810242039,terbinafine,coordinates_highestspeed_20240924_09_3_with_time_speed.csv,41.0,0.0,20240924_piworm09_3,41.0
37136.0,2024-10-04T21:44:40.003427,-0.6343467017435607,0.5447791775172177,0.00917394810242039,terbinafine,coordinates_highestspeed_20240924_09_3_with_time_speed.csv,41.0,0.0,20240924_piworm09_3,41.0
37137.0,2024-10-04T21:44:42.002917,-0.6343467017435607,0.5447791775172177,0.00917394810242039,terbinafine,coordinates_highestspeed_20240924_09_3_with_time_speed.csv,41.0,0.0,20240924_piworm09_3,41.0
37138.0,2024-10-04T21:44:44.003070,-0.6343467017435607,0.5447791775172177,0.00917394810242039,terbinafine,coordinates_highestspeed_20240924_09_3_with_time_speed.csv,41.0,0.0,20240924_piworm09_3,41.0
37139.0,2024-10-04T21:44:46.003700,-0.6343467017435607,0.5447791775172177,0.00917394810242039,terbinafine,coordinates_highestspeed_20240924_09_3_with_time_speed.csv,41.0,0.0,20240924_piworm09_3,41.0
37140.0,2024-10-04T21:44:48.002963,-0.6343467017435607,0.5447791775172177,0.00917394810242039,terbinafine,coordinates_highestspeed_20240924_09_3_with_time_speed.csv,41.0,-0.15656399974264001,20240924_piworm09_3,41.0
37141.0,2024-10-04T21:44:50.002974,-0.1522458808456387,0.5452322394771977,0.008931206520975335,terbinafine,coordinates_highestspeed_20240924_09_3_with_time_speed.csv,41.0,-0.5655305109898998,20240924_piworm09_3,41.0
37142.0,2024-10-04T21:44:52.003567,0.841131919378199,0.5442215637109642,0.007725748152007554,terbinafine,coordinates_highestspeed_20240924_09_3_with_time_speed.csv,41.0,0.17273805647844181,20240924_piworm09_3,41.0
37143.0,2024-10-04T21:44:54.002901,-0.5160479895965757,0.5442020853981177,0.007601136894182018,terbinafine,coordinates_highestspeed_20240924_09_3_with_time_speed.csv,41.0,0.7832822675336973,20240924_piworm09_3,41.0
37144.0,2024-10-04T21:44:56.003023,-0.616083529882725,0.544216531132419,0.007614192660921633,terbinafine,coordinates_highestspeed_20240924_09_3_with_time_speed.csv,41.0,-0.23392581327959927,20240924_piworm09_3,41.0
37145.0,2024-10-04T21:44:58.003382,-0.6343467017435607,0.544216531132419,0.007614192660921633,terbinafine,coordinates_highestspeed_20240924_09_3_with_time_speed.csv,41.0,0.0,20240924_piworm09_3,41.0
37146.0,2024-10-04T21:45:00.002961,-0.6343467017435607,0.544216531132419,0.007614192660921633,terbinafine,coordinates_highestspeed_20240924_09_3_with_time_speed.csv,41.0,0.0,20240924_piworm09_3,41.0
37147.0,2024-10-04T21:45:02.002972,-0.6343467017435607,0.544216531132419,0.007614192660921633,terbinafine,coordinates_highestspeed_20240924_09_3_with_time_speed.csv,41.0,0.0,20240924_piworm09_3,41.0
37148.0,2024-10-04T21:45:04.003549,-0.6343467017435607,0.544216531132419,0.007614192660921633,terbinafine,coordinates_highestspeed_20240924_09_3_with_time_speed.csv,41.0,0.0,20240924_piworm09_3,41.0
37149.0,2024-10-04T21:45:06.002918,-0.6343467017435607,0.544216531132419,0.007614192660921633,terbinafine,coordinates_highestspeed_20240924_09_3_with_time_speed.csv,41.0,0.0,20240924_piworm09_3,41.0
37150.0,2024-10-04T21:45:08.003023,-0.6343467017435607,0.544216531132419,0.007614192660921633,terbinafine,coordinates_highestspeed_20240924_09_3_with_time_speed.csv,41.0,0.0,20240924_piworm09_3,41.0
37151.0,2024-10-04T21:45:10.003509,-0.6343467017435607,0.544216531132419,0.007614192660921633,terbinafine,coordinates_highestspeed_20240924_09_3_with_time_speed.csv,41.0,0.0,20240924_piworm09_3,41.0
37152.0,2024-10-04T21:45:12.002944,-0.6343467017435607,0.544216531132419,0.007614192660921633,terbinafine,coordinates_highestspeed_20240924_09_3_with_time_speed.csv,41.0,0.12609383459969256,20240924_piworm09_3,41.0
37153.0,2024-10-04T21:45:14.003011,0.29193151060978584,0.54512760752294,0.007995246069904382,terbinafine,coordinates_highestspeed_20240924_09_3_with_time_speed.csv,41.0,0.7127927631502655,20240924_piworm09_3,41.0
37154.0,2024-10-04T21:45:16.003530,-0.08788828679513194,0.5446180492909465,0.008277703604806409,terbinafine,coordinates_highestspeed_20240924_09_3_with_time_speed.csv,41.0,0.05450835441849082,20240924_piworm09_3,41.0
37155.0,2024-10-04T21:45:18.002926,-0.4795033173653232,0.5444621348964394,0.008331964901508606,terbinafine,coordinates_highestspeed_20240924_09_3_with_time_speed.csv,41.0,0.1751083026596757,20240924_piworm09_3,41.0
37156.0,2024-10-04T21:45:20.003040,-0.5158254348403698,0.5443386881433309,0.00830498011685832,terbinafine,coordinates_highestspeed_20240924_09_3_with_time_speed.csv,41.0,0.9314967451718753,20240924_piworm09_3,41.0
37157.0,2024-10-04T21:45:22.003396,-0.6343467017435607,0.5443386881433309,0.00830498011685832,terbinafine,coordinates_highestspeed_20240924_09_3_with_time_speed.csv,41.0,0.0,20240924_piworm09_3,41.0
37158.0,2024-10-04T21:45:24.002947,-0.6343467017435607,0.5443386881433309,0.00830498011685832,terbinafine,coordinates_highestspeed_20240924_09_3_with_time_speed.csv,41.0,0.0,20240924_piworm09_3,41.0
37159.0,2024-10-04T21:45:26.002972,-0.6343467017435607,0.5443386881433309,0.00830498011685832,terbinafine,coordinates_highestspeed_20240924_09_3_with_time_speed.csv,41.0,0.0,20240924_piworm09_3,41.0
37160.0,2024-10-04T21:45:28.003603,-0.6343467017435607,0.5443386881433309,0.00830498011685832,terbinafine,coordinates_highestspeed_20240924_09_3_with_time_speed.csv,41.0,0.0,20240924_piworm09_3,41.0
37161.0,2024-10-04T21:45:30.033662,-0.6343467017435607,0.5443386881433309,0.00830498011685832,terbinafine,coordinates_highestspeed_20240924_09_3_with_time_speed.csv,41.0,0.0,20240924_piworm09_3,41.0
37162.0,2024-10-04T21:45:32.003031,-0.6343467017435607,0.5443386881433309,0.00830498011685832,terbinafine,coordinates_highestspeed_20240924_09_3_with_time_speed.csv,41.0,0.0,20240924_piworm09_3,41.0
37163.0,2024-10-04T21:45:34.003393,-0.6343467017435607,0.5443386881433309,0.00830498011685832,terbinafine,coordinates_highestspeed_20240924_09_3_with_time_speed.csv,41.0,0.0,20240924_piworm09_3,41.0
37164.0,2024-10-04T21:45:36.002981,-0.6343467017435607,0.5443386881433309,0.00830498011685832,terbinafine,coordinates_highestspeed_20240924_09_3_with_time_speed.csv,41.0,0.9043331745009265,20240924_piworm09_3,41.0
37165.0,2024-10-04T21:45:38.002966,1.7699716948731505,0.5418902221595667,0.009063844960983175,terbinafine,coordinates_highestspeed_20240924_09_3_with_time_speed.csv,41.0,0.11789503205866511,20240924_piworm09_3,41.0
37166.0,2024-10-04T21:45:40.003566,0.2192445272820112,0.5409823821038775,0.00900034544894358,terbinafine,coordinates_highestspeed_20240924_09_3_with_time_speed.csv,41.0,0.03142519359518202,20240924_piworm09_3,41.0
37167.0,2024-10-04T21:45:42.002916,-0.20284797607574406,0.5405288586220477,0.008923168541268454,terbinafine,coordinates_highestspeed_20240924_09_3_with_time_speed.csv,41.0,0.2493064438882552,20240924_piworm09_3,41.0
37168.0,2024-10-04T21:45:44.003036,-0.503786580766485,0.5404480913724382,0.00880979992788438,terbinafine,coordinates_highestspeed_20240924_09_3_with_time_speed.csv,41.0,0.697040155956971,20240924_piworm09_3,41.0
37169.0,2024-10-04T21:45:46.003638,-0.6343467017435607,0.5404480913724382,0.00880979992788438,terbinafine,coordinates_highestspeed_20240924_09_3_with_time_speed.csv,41.0,0.0,20240924_piworm09_3,41.0
37170.0,2024-10-04T21:45:48.002950,-0.6343467017435607,0.5404480913724382,0.00880979992788438,terbinafine,coordinates_highestspeed_20240924_09_3_with_time_speed.csv,41.0,0.0,20240924_piworm09_3,41.0
37171.0,2024-10-04T21:45:50.003007,-0.6343467017435607,0.5404480913724382,0.00880979992788438,terbinafine,coordinates_highestspeed_20240924_09_3_with_time_speed.csv,41.0,0.0,20240924_piworm09_3,41.0
37172.0,2024-10-04T21:45:52.003533,-0.6343467017435607,0.5404480913724382,0.00880979992788438,terbinafine,coordinates_highestspeed_20240924_09_3_with_time_speed.csv,41.0,0.0,20240924_piworm09_3,41.0
37173.0,2024-10-04T21:45:54.002894,-0.6343467017435607,0.5404480913724382,0.00880979992788438,terbinafine,coordinates_highestspeed_20240924_09_3_with_time_speed.csv,41.0,0.0,20240924_piworm09_3,41.0
37174.0,2024-10-04T21:45:56.003032,-0.6343467017435607,0.5404480913724382,0.00880979992788438,terbinafine,coordinates_highestspeed_20240924_09_3_with_time_speed.csv,41.0,0.0,20240924_piworm09_3,41.0
37175.0,2024-10-04T21:45:58.003592,-0.6343467017435607,0.5404480913724382,0.00880979992788438,terbinafine,coordinates_highestspeed_20240924_09_3_with_time_speed.csv,41.0,0.0,20240924_piworm09_3,41.0
37176.0,2024-10-04T21:46:00.002970,-0.6343467017435607,0.5404480913724382,0.00880979992788438,terbinafine,coordinates_highestspeed_20240924_09_3_with_time_speed.csv,41.0,-0.9771910795203513,20240924_piworm09_3,41.0
37177.0,2024-10-04T21:46:02.002978,0.5170874049618412,0.5392236377475262,0.008721909586613927,terbinafine,coordinates_highestspeed_20240924_09_3_with_time_speed.csv,41.0,0.13584683902512168,20240924_piworm09_3,41.0
37178.0,2024-10-04T21:46:04.003575,0.3395781198178511,0.5383116185565429,0.008225526755981155,terbinafine,coordinates_highestspeed_20240924_09_3_with_time_speed.csv,41.0,0.06036267497506766,20240924_piworm09_3,41.0
37179.0,2024-10-04T21:46:06.002922,0.3701701377831277,0.5374843225310516,0.0075454140874701625,terbinafine,coordinates_highestspeed_20240924_09_3_with_time_speed.csv,41.0,-0.043701032573353796,20240924_piworm09_3,41.0
37180.0,2024-10-04T21:46:08.003021,-0.005932251098576979,0.5369134154180883,0.007194778222815607,terbinafine,coordinates_highestspeed_20240924_09_3_with_time_speed.csv,41.0,-0.41520930524104155,20240924_piworm09_3,41.0
37181.0,2024-10-04T21:46:10.003390,0.12516604783654534,0.5363229403911096,0.007748893950103405,terbinafine,coordinates_highestspeed_20240924_09_3_with_time_speed.csv,41.0,0.050799623591922534,20240924_piworm09_3,41.0
37182.0,2024-10-04T21:46:12.002951,-0.07136338944351604,0.5358255451713395,0.008084853879246403,terbinafine,coordinates_highestspeed_20240924_09_3_with_time_speed.csv,41.0,-0.18637356759451693,20240924_piworm09_3,41.0
37183.0,2024-10-04T21:46:14.002965,-0.41932594641541726,0.5357381270265117,0.008296776654587069,terbinafine,coordinates_highestspeed_20240924_09_3_with_time_speed.csv,41.0,-0.05586648053156712,20240924_piworm09_3,41.0
37184.0,2024-10-04T21:46:16.003383,-0.5042201202643999,0.5357084299533882,0.008432295692502284,terbinafine,coordinates_highestspeed_20240924_09_3_with_time_speed.csv,41.0,0.07362729513723984,20240924_piworm09_3,41.0
37185.0,2024-10-04T21:46:18.002901,-0.5221890032687095,0.5356567377192578,0.008540122462133419,terbinafine,coordinates_highestspeed_20240924_09_3_with_time_speed.csv,41.0,-0.6422949672685211,20240924_piworm09_3,41.0
37186.0,2024-10-04T21:46:20.003017,-0.6343467017435607,0.5356567377192578,0.008540122462133419,terbinafine,coordinates_highestspeed_20240924_09_3_with_time_speed.csv,41.0,0.0,20240924_piworm09_3,41.0
37187.0,2024-10-04T21:46:22.003403,-0.6343467017435607,0.5356567377192578,0.008540122462133419,terbinafine,coordinates_highestspeed_20240924_09_3_with_time_speed.csv,41.0,0.0,20240924_piworm09_3,41.0
37188.0,2024-10-04T21:46:24.002965,-0.6343467017435607,0.5356567377192578,0.008540122462133419,terbinafine,coordinates_highestspeed_20240924_09_3_with_time_speed.csv,41.0,-0.045386306075764084,20240924_piworm09_3,41.0
37189.0,2024-10-04T21:46:26.003017,3.365879776360021,0.5398783076889405,0.007934076035807305,terbinafine,coordinates_highestspeed_20240924_09_3_with_time_speed.csv,41.0,0.022709787837367858,20240924_piworm09_3,41.0
37190.0,2024-10-04T21:46:28.003395,0.16726349194486062,0.5407307782926255,0.007873242755045945,terbinafine,coordinates_highestspeed_20240924_09_3_with_time_speed.csv,41.0,0.017885566318836147,20240924_piworm09_3,41.0
37191.0,2024-10-04T21:46:30.002886,0.10624534429104854,0.5415202726442274,0.007861359004989108,terbinafine,coordinates_highestspeed_20240924_09_3_with_time_speed.csv,41.0,-0.05543840688505931,20240924_piworm09_3,41.0
37192.0,2024-10-04T21:46:32.003030,-0.13062607790909678,0.5420477303070761,0.007760347129506008,terbinafine,coordinates_highestspeed_20240924_09_3_with_time_speed.csv,41.0,0.13489456490245008,20240924_piworm09_3,41.0
37193.0,2024-10-04T21:46:34.003389,-0.194597673796821,0.5425037304641482,0.007869315950679337,terbinafine,coordinates_highestspeed_20240924_09_3_with_time_speed.csv,41.0,-0.12878138548922216,20240924_piworm09_3,41.0
37194.0,2024-10-04T21:46:36.002949,-0.4396773544262996,0.5427082853766708,0.007834200389791754,terbinafine,coordinates_highestspeed_20240924_09_3_with_time_speed.csv,41.0,0.04142104748633291,20240924_piworm09_3,41.0
37195.0,2024-10-04T21:46:38.002961,-0.3993938629152809,0.5429585816470377,0.007824212544099768,terbinafine,coordinates_highestspeed_20240924_09_3_with_time_speed.csv,41.0,-0.035894658442460724,20240924_piworm09_3,41.0
37196.0,2024-10-04T21:46:40.003575,-0.5423294994305476,0.543055545196202,0.007809295074997577,terbinafine,coordinates_highestspeed_20240924_09_3_with_time_speed.csv,41.0,0.2955127766620196,20240924_piworm09_3,41.0
37197.0,2024-10-04T21:46:42.002902,-0.583171632524002,0.5430944963655244,0.007847500370864858,terbinafine,coordinates_highestspeed_20240924_09_3_with_time_speed.csv,41.0,-0.24692298631450033,20240924_piworm09_3,41.0
37198.0,2024-10-04T21:46:44.003035,-0.6343467017435607,0.5430944963655244,0.007847500370864858,terbinafine,coordinates_highestspeed_20240924_09_3_with_time_speed.csv,41.0,0.0,20240924_piworm09_3,41.0
37199.0,2024-10-04T21:46:46.003399,-0.6343467017435607,0.5430944963655244,0.007847500370864858,terbinafine,coordinates_highestspeed_20240924_09_3_with_time_speed.csv,41.0,0.0,20240924_piworm09_3,41.0
37200.0,2024-10-04T21:46:48.002954,-0.6343467017435607,0.5430944963655244,0.007847500370864858,terbinafine,coordinates_highestspeed_20240924_09_3_with_time_speed.csv,41.0,0.11371777161788439,20240924_piworm09_3,41.0
37201.0,2024-10-04T21:46:50.002967,1.1968983409256364,0.5449236091471716,0.008530257091557216,terbinafine,coordinates_highestspeed_20240924_09_3_with_time_speed.csv,41.0,0.9344491241421891,20240924_piworm09_3,41.0
37202.0,2024-10-04T21:46:52.003402,-0.33838130288281965,0.544611670779895,0.00848269072568138,terbinafine,coordinates_highestspeed_20240924_09_3_with_time_speed.csv,41.0,-0.2848081257649866,20240924_piworm09_3,41.0
37203.0,2024-10-04T21:46:54.002901,-0.5558896938332188,0.5445500938645774,0.008539304521087338,terbinafine,coordinates_highestspeed_20240924_09_3_with_time_speed.csv,41.0,0.36447134413431437,20240924_piworm09_3,41.0
37204.0,2024-10-04T21:46:56.003009,-0.5917821684831901,0.5445083240238685,0.008521566169859131,terbinafine,coordinates_highestspeed_20240924_09_3_with_time_speed.csv,41.0,0.8721698858705985,20240924_piworm09_3,41.0
37205.0,2024-10-04T21:46:58.003395,-0.6343467017435607,0.5445083240238685,0.008521566169859131,terbinafine,coordinates_highestspeed_20240924_09_3_with_time_speed.csv,41.0,0.0,20240924_piworm09_3,41.0
37206.0,2024-10-04T21:47:00.002950,-0.6343467017435607,0.5445083240238685,0.008521566169859131,terbinafine,coordinates_highestspeed_20240924_09_3_with_time_speed.csv,41.0,0.0,20240924_piworm09_3,41.0
37207.0,2024-10-04T21:47:02.003009,-0.6343467017435607,0.5445083240238685,0.008521566169859131,terbinafine,coordinates_highestspeed_20240924_09_3_with_time_speed.csv,41.0,0.0,20240924_piworm09_3,41.0
37208.0,2024-10-04T21:47:04.003532,-0.6343467017435607,0.5445083240238685,0.008521566169859131,terbinafine,coordinates_highestspeed_20240924_09_3_with_time_speed.csv,41.0,0.0,20240924_piworm09_3,41.0
37209.0,2024-10-04T21:47:06.002891,-0.6343467017435607,0.5445083240238685,0.008521566169859131,terbinafine,coordinates_highestspeed_20240924_09_3_with_time_speed.csv,41.0,0.0,20240924_piworm09_3,41.0
37210.0,2024-10-04T21:47:08.003012,-0.6343467017435607,0.5445083240238685,0.008521566169859131,terbinafine,coordinates_highestspeed_20240924_09_3_with_time_speed.csv,41.0,0.0,20240924_piworm09_3,41.0
37211.0,2024-10-04T21:47:10.003384,-0.6343467017435607,0.5445083240238685,0.008521566169859131,terbinafine,coordinates_highestspeed_20240924_09_3_with_time_speed.csv,41.0,-0.8855915742318474,20240924_piworm09_3,41.0
37212.0,2024-10-04T21:47:12.002921,-0.16206643534163234,0.5440369768386835,0.008344459279038718,terbinafine,coordinates_highestspeed_20240924_09_3_with_time_speed.csv,41.0,-0.8000502051604206,20240924_piworm09_3,41.0
37213.0,2024-10-04T21:47:14.002962,1.189393508009964,0.5451077627312607,0.009967434533522652,terbinafine,coordinates_highestspeed_20240924_09_3_with_time_speed.csv,41.0,0.9843809701020462,20240924_piworm09_3,41.0
37214.0,2024-10-04T21:47:16.003588,0.307610514047495,0.5445142542998508,0.009157307782926253,terbinafine,coordinates_highestspeed_20240924_09_3_with_time_speed.csv,41.0,-0.46383797674325616,20240924_piworm09_3,41.0
37215.0,2024-10-04T21:47:18.002892,-0.40019579502671887,0.5442974471011854,0.009281061617510215,terbinafine,coordinates_highestspeed_20240924_09_3_with_time_speed.csv,41.0,0.11352504447857414,20240924_piworm09_3,41.0
37216.0,2024-10-04T21:47:20.003003,-0.5437149411520635,0.5442020853981177,0.009296649110879946,terbinafine,coordinates_highestspeed_20240924_09_3_with_time_speed.csv,41.0,0.16652734062560526,20240924_piworm09_3,41.0
37217.0,2024-10-04T21:47:22.003407,-0.5897868707070147,0.5441576422884834,0.009279862862417379,terbinafine,coordinates_highestspeed_20240924_09_3_with_time_speed.csv,41.0,0.8850464009292982,20240924_piworm09_3,41.0
37218.0,2024-10-04T21:47:24.002920,-0.6343467017435607,0.5441576422884834,0.009279862862417379,terbinafine,coordinates_highestspeed_20240924_09_3_with_time_speed.csv,41.0,0.0,20240924_piworm09_3,41.0
37219.0,2024-10-04T21:47:26.002962,-0.6343467017435607,0.5441576422884834,0.009279862862417379,terbinafine,coordinates_highestspeed_20240924_09_3_with_time_speed.csv,41.0,0.0,20240924_piworm09_3,41.0
37220.0,2024-10-04T21:47:28.003563,-0.6343467017435607,0.5441576422884834,0.009279862862417379,terbinafine,coordinates_highestspeed_20240924_09_3_with_time_speed.csv,41.0,0.0,20240924_piworm09_3,41.0
37221.0,2024-10-04T21:47:30.002907,-0.6343467017435607,0.5441576422884834,0.009279862862417379,terbinafine,coordinates_highestspeed_20240924_09_3_with_time_speed.csv,41.0,0.0,20240924_piworm09_3,41.0
37222.0,2024-10-04T21:47:32.002996,-0.6343467017435607,0.5441576422884834,0.009279862862417379,terbinafine,coordinates_highestspeed_20240924_09_3_with_time_speed.csv,41.0,0.0,20240924_piworm09_3,41.0
37223.0,2024-10-04T21:47:34.003411,-0.6343467017435607,0.5441576422884834,0.009279862862417379,terbinafine,coordinates_highestspeed_20240924_09_3_with_time_speed.csv,41.0,0.0,20240924_piworm09_3,41.0
37224.0,2024-10-04T21:47:36.002914,-0.6343467017435607,0.5441576422884834,0.009279862862417379,terbinafine,coordinates_highestspeed_20240924_09_3_with_time_speed.csv,41.0,0.07517039640902773,20240924_piworm09_3,41.0
37225.0,2024-10-04T21:47:38.039533,0.6078058204759055,0.5454452089966109,0.009589709356064496,terbinafine,coordinates_highestspeed_20240924_09_3_with_time_speed.csv,41.0,-0.8505106527281238,20240924_piworm09_3,41.0
37226.0,2024-10-04T21:47:40.003377,0.6547191457436581,0.5443991989319092,0.00869826435246996,terbinafine,coordinates_highestspeed_20240924_09_3_with_time_speed.csv,41.0,-0.10391340706327913,20240924_piworm09_3,41.0
37227.0,2024-10-04T21:47:42.002901,-0.4377075600631331,0.5442044553482477,0.008620631230811979,terbinafine,coordinates_highestspeed_20240924_09_3_with_time_speed.csv,41.0,-0.07788507813716054,20240924_piworm09_3,41.0
37228.0,2024-10-04T21:47:44.002961,-0.4867080270275414,0.5440484748895964,0.008599500188285236,terbinafine,coordinates_highestspeed_20240924_09_3_with_time_speed.csv,41.0,0.2348009492105996,20240924_piworm09_3,41.0
37229.0,2024-10-04T21:47:46.003406,-0.5790611561506566,0.5440105707954248,0.008554361141315569,terbinafine,coordinates_highestspeed_20240924_09_3_with_time_speed.csv,41.0,0.722337792308936,20240924_piworm09_3,41.0
37230.0,2024-10-04T21:47:48.002931,-0.6343467017435607,0.5440105707954248,0.008554361141315569,terbinafine,coordinates_highestspeed_20240924_09_3_with_time_speed.csv,41.0,0.0,20240924_piworm09_3,41.0
37231.0,2024-10-04T21:47:50.002975,-0.6343467017435607,0.5440105707954248,0.008554361141315569,terbinafine,coordinates_highestspeed_20240924_09_3_with_time_speed.csv,41.0,0.0,20240924_piworm09_3,41.0
37232.0,2024-10-04T21:47:52.003635,-0.6343467017435607,0.5440105707954248,0.008554361141315569,terbinafine,coordinates_highestspeed_20240924_09_3_with_time_speed.csv,41.0,0.0,20240924_piworm09_3,41.0
37233.0,2024-10-04T21:47:54.002902,-0.6343467017435607,0.5440105707954248,0.008554361141315569,terbinafine,coordinates_highestspeed_20240924_09_3_with_time_speed.csv,41.0,0.0,20240924_piworm09_3,41.0
37234.0,2024-10-04T21:47:56.002994,-0.6343467017435607,0.5440105707954248,0.008554361141315569,terbinafine,coordinates_highestspeed_20240924_09_3_with_time_speed.csv,41.0,0.0,20240924_piworm09_3,41.0
37235.0,2024-10-04T21:47:58.003403,-0.6343467017435607,0.5440105707954248,0.008554361141315569,terbinafine,coordinates_highestspeed_20240924_09_3_with_time_speed.csv,41.0,0.0,20240924_piworm09_3,41.0
37236.0,2024-10-04T21:48:00.002928,-0.6343467017435607,0.5440105707954248,0.008554361141315569,terbinafine,coordinates_highestspeed_20240924_09_3_with_time_speed.csv,41.0,-0.9779781620559876,20240924_piworm09_3,41.0
37237.0,2024-10-04T21:48:02.002966,5.627018115527944,0.4205607476635514,0.0,terbinafine,coordinates_highestspeed_20240924_09_3_with_time_speed.csv,41.0,0.9995849057249904,20240924_piworm09_3,41.0
37238.0,2024-10-04T21:48:04.003596,5.627018115527944,0.5442246227292956,0.008407169154832706,terbinafine,coordinates_highestspeed_20240924_09_3_with_time_speed.csv,41.0,-0.9619997532372553,20240924_piworm09_3,41.0
37239.0,2024-10-04T21:48:06.002904,-0.3594177647126674,0.5439366309550946,0.008352600214920706,terbinafine,coordinates_highestspeed_20240924_09_3_with_time_speed.csv,41.0,-0.06365353578739118,20240924_piworm09_3,41.0
37240.0,2024-10-04T21:48:08.002996,-0.4976683621410715,0.5437909228272427,0.008354452643444752,terbinafine,coordinates_highestspeed_20240924_09_3_with_time_speed.csv,41.0,-0.9959534546443563,20240924_piworm09_3,41.0
37241.0,2024-10-04T21:48:10.003405,-0.6343467017435607,0.5437909228272427,0.008354452643444752,terbinafine,coordinates_highestspeed_20240924_09_3_with_time_speed.csv,41.0,0.0,20240924_piworm09_3,41.0
37242.0,2024-10-04T21:48:12.002933,-0.6343467017435607,0.5437909228272427,0.008354452643444752,terbinafine,coordinates_highestspeed_20240924_09_3_with_time_speed.csv,41.0,0.0,20240924_piworm09_3,41.0
37243.0,2024-10-04T21:48:14.003024,-0.6343467017435607,0.5437909228272427,0.008354452643444752,terbinafine,coordinates_highestspeed_20240924_09_3_with_time_speed.csv,41.0,0.0,20240924_piworm09_3,41.0
37244.0,2024-10-04T21:48:16.003529,-0.6343467017435607,0.5437909228272427,0.008354452643444752,terbinafine,coordinates_highestspeed_20240924_09_3_with_time_speed.csv,41.0,0.0,20240924_piworm09_3,41.0
37245.0,2024-10-04T21:48:18.002892,-0.6343467017435607,0.5437909228272427,0.008354452643444752,terbinafine,coordinates_highestspeed_20240924_09_3_with_time_speed.csv,41.0,0.0,20240924_piworm09_3,41.0
37246.0,2024-10-04T21:48:20.002996,-0.6343467017435607,0.5437909228272427,0.008354452643444752,terbinafine,coordinates_highestspeed_20240924_09_3_with_time_speed.csv,41.0,0.0,20240924_piworm09_3,41.0
37247.0,2024-10-04T21:48:22.003606,-0.6343467017435607,0.5437909228272427,0.008354452643444752,terbinafine,coordinates_highestspeed_20240924_09_3_with_time_speed.csv,41.0,0.0,20240924_piworm09_3,41.0
37248.0,2024-10-04T21:48:24.003017,-0.6343467017435607,0.5437909228272427,0.008354452643444752,terbinafine,coordinates_highestspeed_20240924_09_3_with_time_speed.csv,41.0,0.06786172713988226,20240924_piworm09_3,41.0
37249.0,2024-10-04T21:48:26.002969,1.1151185718699224,0.5456138911472279,0.008749095628435679,terbinafine,coordinates_highestspeed_20240924_09_3_with_time_speed.csv,41.0,0.9072859100016427,20240924_piworm09_3,41.0
37250.0,2024-10-04T21:48:28.003425,0.37260117863303666,0.5445436019956432,0.008832829737896142,terbinafine,coordinates_highestspeed_20240924_09_3_with_time_speed.csv,41.0,-0.20267558912714542,20240924_piworm09_3,41.0
37251.0,2024-10-04T21:48:30.002902,-0.34576488441865066,0.5443112405487109,0.009034498502320885,terbinafine,coordinates_highestspeed_20240924_09_3_with_time_speed.csv,41.0,0.22033770375329512,20240924_piworm09_3,41.0
37252.0,2024-10-04T21:48:32.002999,-0.4794333929372193,0.5441461215302777,0.009038228982447803,terbinafine,coordinates_highestspeed_20240924_09_3_with_time_speed.csv,41.0,0.020675079997290992,20240924_piworm09_3,41.0
37253.0,2024-10-04T21:48:34.003395,-0.5984958713524366,0.544107933384864,0.009036610217131614,terbinafine,coordinates_highestspeed_20240924_09_3_with_time_speed.csv,41.0,0.2805733143442198,20240924_piworm09_3,41.0
37254.0,2024-10-04T21:48:36.002912,-0.5742958208471738,0.5440693411320915,0.008985525674444233,terbinafine,coordinates_highestspeed_20240924_09_3_with_time_speed.csv,41.0,0.047551865343706444,20240924_piworm09_3,41.0
37255.0,2024-10-04T21:48:38.002969,-0.5716590787236121,0.5440374399909099,0.008926796011703549,terbinafine,coordinates_highestspeed_20240924_09_3_with_time_speed.csv,41.0,0.6583899885471083,20240924_piworm09_3,41.0
37256.0,2024-10-04T21:48:40.003598,-0.6343467017435607,0.5440374399909099,0.008926796011703549,terbinafine,coordinates_highestspeed_20240924_09_3_with_time_speed.csv,41.0,0.0,20240924_piworm09_3,41.0
37257.0,2024-10-04T21:48:42.002899,-0.6343467017435607,0.5440374399909099,0.008926796011703549,terbinafine,coordinates_highestspeed_20240924_09_3_with_time_speed.csv,41.0,0.0,20240924_piworm09_3,41.0
37258.0,2024-10-04T21:48:44.002991,-0.6343467017435607,0.5440374399909099,0.008926796011703549,terbinafine,coordinates_highestspeed_20240924_09_3_with_time_speed.csv,41.0,0.0,20240924_piworm09_3,41.0
37259.0,2024-10-04T21:48:46.003630,-0.6343467017435607,0.5440374399909099,0.008926796011703549,terbinafine,coordinates_highestspeed_20240924_09_3_with_time_speed.csv,41.0,0.0,20240924_piworm09_3,41.0
37260.0,2024-10-04T21:48:48.002913,-0.6343467017435607,0.5440374399909099,0.008926796011703549,terbinafine,coordinates_highestspeed_20240924_09_3_with_time_speed.csv,41.0,0.49122979352908486,20240924_piworm09_3,41.0
37261.0,2024-10-04T21:48:50.003007,0.7715039052927667,0.5440787317221365,0.010425077748375079,terbinafine,coordinates_highestspeed_20240924_09_3_with_time_speed.csv,41.0,0.3396337948516821,20240924_piworm09_3,41.0
37262.0,2024-10-04T21:48:52.003370,0.30551980303956927,0.5432148525077461,0.010932816081819785,terbinafine,coordinates_highestspeed_20240924_09_3_with_time_speed.csv,41.0,-0.15989492630935392,20240924_piworm09_3,41.0
37263.0,2024-10-04T21:48:54.002906,-0.09854983645034265,0.5429225722597016,0.011423620014323734,terbinafine,coordinates_highestspeed_20240924_09_3_with_time_speed.csv,41.0,0.19449237649444306,20240924_piworm09_3,41.0
37264.0,2024-10-04T21:48:56.002978,-0.35968782669992244,0.5426555134737473,0.011543736319627986,terbinafine,coordinates_highestspeed_20240924_09_3_with_time_speed.csv,41.0,-0.18712927152816267,20240924_piworm09_3,41.0
37265.0,2024-10-04T21:48:58.003649,-0.43766107095984635,0.5425440817641913,0.011721375627273146,terbinafine,coordinates_highestspeed_20240924_09_3_with_time_speed.csv,41.0,-0.07591538468810612,20240924_piworm09_3,41.0
37266.0,2024-10-04T21:49:00.002947,-0.5251043619707463,0.5425072510473735,0.011831867777726626,terbinafine,coordinates_highestspeed_20240924_09_3_with_time_speed.csv,41.0,0.11914923851989948,20240924_piworm09_3,41.0
37267.0,2024-10-04T21:49:02.002968,-0.37352119361723907,0.5423289446756259,0.012045257423523331,terbinafine,coordinates_highestspeed_20240924_09_3_with_time_speed.csv,41.0,-0.21991018600172033,20240924_piworm09_3,41.0
37268.0,2024-10-04T21:49:04.003671,-0.30397199430489263,0.5423271128421856,0.012397482357428954,terbinafine,coordinates_highestspeed_20240924_09_3_with_time_speed.csv,41.0,-0.03384209243279975,20240924_piworm09_3,41.0
37269.0,2024-10-04T21:49:06.002884,0.9824076642584192,0.5425011125945706,0.014112383763146184,terbinafine,coordinates_highestspeed_20240924_09_3_with_time_speed.csv,41.0,-0.012907590412737504,20240924_piworm09_3,41.0
37270.0,2024-10-04T21:49:08.002975,1.1330549664471201,0.5427671678179602,0.0159778255064724,terbinafine,coordinates_highestspeed_20240924_09_3_with_time_speed.csv,41.0,-0.08957179418252122,20240924_piworm09_3,41.0
37271.0,2024-10-04T21:49:10.003398,0.36657021491522496,0.5432052863733924,0.016950871203799157,terbinafine,coordinates_highestspeed_20240924_09_3_with_time_speed.csv,41.0,-0.07322618489900358,20240924_piworm09_3,41.0
37272.0,2024-10-04T21:49:12.002920,0.47038168628387084,0.543920995189353,0.0178862822387522,terbinafine,coordinates_highestspeed_20240924_09_3_with_time_speed.csv,41.0,-0.4428315302002266,20240924_piworm09_3,41.0
37273.0,2024-10-04T21:49:14.002971,1.3836499566046065,0.5458357622369733,0.016905169333759566,terbinafine,coordinates_highestspeed_20240924_09_3_with_time_speed.csv,41.0,0.689742127609916,20240924_piworm09_3,41.0
37274.0,2024-10-04T21:49:16.003611,0.37796516893423643,0.5457037955369063,0.017976349418271982,terbinafine,coordinates_highestspeed_20240924_09_3_with_time_speed.csv,41.0,-0.15759015067746612,20240924_piworm09_3,41.0
37275.0,2024-10-04T21:49:18.002899,0.36731238659159254,0.5460924643710995,0.01897103114229826,terbinafine,coordinates_highestspeed_20240924_09_3_with_time_speed.csv,41.0,-0.1190931952277754,20240924_piworm09_3,41.0
37276.0,2024-10-04T21:49:20.002962,0.27441191265742376,0.5467505060510789,0.01968215685430036,terbinafine,coordinates_highestspeed_20240924_09_3_with_time_speed.csv,41.0,-0.11674990150963244,20240924_piworm09_3,41.0
37277.0,2024-10-04T21:49:22.003393,0.9482307519480184,0.54826435246996,0.020427236315086784,terbinafine,coordinates_highestspeed_20240924_09_3_with_time_speed.csv,41.0,-0.04719776446961854,20240924_piworm09_3,41.0
37278.0,2024-10-04T21:49:24.002903,0.4830383447992499,0.5493991989319092,0.02078962426091932,terbinafine,coordinates_highestspeed_20240924_09_3_with_time_speed.csv,41.0,-0.0908099832903291,20240924_piworm09_3,41.0
37279.0,2024-10-04T21:49:26.003003,-0.00803276883480387,0.5500667556742324,0.020805518469069872,terbinafine,coordinates_highestspeed_20240924_09_3_with_time_speed.csv,41.0,0.062027112097491455,20240924_piworm09_3,41.0
37280.0,2024-10-04T21:49:28.003609,0.3277688198591757,0.5510680907877169,0.02102803738317757,terbinafine,coordinates_highestspeed_20240924_09_3_with_time_speed.csv,41.0,0.0,20240924_piworm09_3,41.0
